Date,Monmean,Monmax,Monrang,Time,Reef,Coral ID,Genotype,Salinity,Temp,Depth,P_rate,R_rate,Healthy (Y/N),Algae growth (%),Mortality (%),Healthy tissue (%), White (%),Total (%),Pale (%) living tissue,Blotchy (Y/N) ,Disease (Y/N),Tumor (Y/N),Fish Bites (#),Boring (Y/N)
02/05/19,24.7,,3.68,0,Cary,A1,A,36.5,76.5,22.2,1143.42,-239.95,yes,0,0,100,0,100,0,no,no,no,0,no
02/05/19,24.7,,3.68,0,Cary,A15,A,36.5,76.5,22.2,,,yes,0,0,100,0,100,0,no,no,no,0,no
02/05/19,24.7,,3.68,0,Cary,A16,A,36.5,76.5,22.2,,,yes,0,0,100,0,100,0,no,no,no,0,no
02/05/19,24.7,,3.68,0,Cary,A2,A,36.5,76.5,22.2,1152.54,-321.96,yes,0,0,100,0,100,0,no,no,no,0,no
02/05/19,24.7,,3.68,0,Cary,B1,B,36.5,76.5,22.2,782.25,15.79,yes,0,0,100,0,100,0,no,no,no,0,no
02/05/19,24.7,,3.68,0,Cary,B15,B,36.5,76.5,22.2,,,yes,0,0,100,0,100,0,no,no,no,0,no
02/05/19,24.7,,3.68,0,Cary,B16,B,36.5,76.5,22.2,,,yes,0,0,100,0,100,0,no,no,no,0,no
02/05/19,24.7,,3.68,0,Cary,B2,B,36.5,76.5,22.2,2282,3509.87,yes,0,0,100,0,100,0,no,no,no,0,no
02/05/19,24.7,,3.68,0,Cary,C1,C,36.5,76.5,22.2,783.22,129.17,yes,0,0,100,0,100,0,no,no,no,0,no
02/05/19,24.7,,3.68,0,Cary,C15,C,36.5,76.5,22.2,,,yes,0,0,100,0,100,0,no,no,no,0,no
02/05/19,24.7,,3.68,0,Cary,C16,C,36.5,76.5,22.2,,,yes,0,0,100,0,100,0,no,no,no,0,no
02/05/19,24.7,,3.68,0,Cary,C2,C,36.5,76.5,22.2,785.18,4.6,yes,0,0,100,0,100,0,no,no,no,0,no
02/05/19,24.7,,3.68,0,Cary,D1,D,36.5,76.5,22.2,740.74,-112.86,yes,0,0,100,0,100,0,no,no,no,0,no
02/05/19,24.7,,3.68,0,Cary,D15,D,36.5,76.5,22.2,,,yes,0,0,100,0,100,0,no,no,no,0,no
02/05/19,24.7,,3.68,0,Cary,D16,D,36.5,76.5,22.2,,,yes,0,0,100,0,100,0,no,no,no,0,no
02/05/19,24.7,,3.68,0,Cary,D2,D,36.5,76.5,22.2,2082.96,838.01,yes,0,0,100,0,100,0,no,no,no,0,no
05/29/19,27.45745968,28.67,2.63,1,Cary,A1,A,35.5,81,22.2,,,yes,0,0,95,5,100,5,no,no,no,0,no
05/29/19,27.45745968,28.67,2.63,1,Cary,A15,A,35.5,81,22.2,,,yes,0,0,90,10,100,20,no,no,no,0,yes
05/29/19,27.45745968,28.67,2.63,1,Cary,A16,A,35.5,81,22.2,,,yes,0,0,98,2,100,5,no,no,no,0,no
05/29/19,27.45745968,28.67,2.63,1,Cary,A2,A,35.5,81,22.2,,,yes,0,0,100,0,100,0,no,no,no,0,no
05/29/19,27.45745968,28.67,2.63,1,Cary,B1,B,35.5,81,22.2,,,yes,0,0,100,0,100,1,no,no,no,0,no
05/29/19,27.45745968,28.67,2.63,1,Cary,B15,B,35.5,81,22.2,,,yes,0,0,100,0,100,2,no,no,no,0,no
05/29/19,27.45745968,28.67,2.63,1,Cary,B16,B,35.5,81,22.2,,,yes,0,0,100,0,100,0,no,no,no,0,yes
05/29/19,27.45745968,28.67,2.63,1,Cary,B2,B,35.5,81,22.2,,,yes,0,0,100,0,100,10,no,no,no,0,no
05/29/19,27.45745968,28.67,2.63,1,Cary,C1,C,35.5,81,22.2,,,yes,0,0,90,10,100,0,no,no,no,0,no
05/29/19,27.45745968,28.67,2.63,1,Cary,C15,C,35.5,81,22.2,,,no,0,15,30,55,100,5,yes,no,no,0,no
05/29/19,27.45745968,28.67,2.63,1,Cary,C16,C,35.5,81,22.2,,,yes,0,0,95,5,100,5,no,no,no,0,no
05/29/19,27.45745968,28.67,2.63,1,Cary,C2,C,35.5,81,22.2,,,no,0,2,38,60,100,20,no,no,no,0,no
05/29/19,27.45745968,28.67,2.63,1,Cary,D1,D,35.5,81,22.2,,,yes,0,0,95,5,100,5,no,no,no,1,no
05/29/19,27.45745968,28.67,2.63,1,Cary,D15,D,35.5,81,22.2,,,yes,0,0,98,2,100,5,no,no,no,0,no
05/29/19,27.45745968,28.67,2.63,1,Cary,D16,D,35.5,81,22.2,,,no,0,0,60,40,100,40,yes,no,no,0,no
05/29/19,27.45745968,28.67,2.63,1,Cary,D2,D,35.5,81,22.2,,,yes,0,0,95,5,100,10,no,no,no,1,no
08/02/19,30.4277,32.27,2.73,2,Cary,A1,A,35.5,86.5,22.2,1177.68,-122.46,yes,0,0,95,5,100,5,yes,no,no,0,no
08/02/19,30.4277,32.27,2.73,2,Cary,A15,A,35.5,86.5,22.2,,,yes,0,0,85,15,100,50,yes,no,no,0,yes
08/02/19,30.4277,32.27,2.73,2,Cary,A16,A,35.5,86.5,22.2,,,yes,0,0,97,3,100,0,no,no,no,0,no
08/02/19,30.4277,32.27,2.73,2,Cary,A2,A,35.5,86.5,22.2,441.37,-839.72,yes,0,0,95,5,100,60,yes,no,no,0,no
08/02/19,30.4277,32.27,2.73,2,Cary,B1,B,35.5,86.5,22.2,896.1,477.06,no,0,2,85,13,100,10,no,no,no,0,no
08/02/19,30.4277,32.27,2.73,2,Cary,B15,B,35.5,86.5,22.2,,,no,0,20,20,60,100,0,yes,no,no,0,no
08/02/19,30.4277,32.27,2.73,2,Cary,B16,B,35.5,86.5,22.2,,,yes,0,0,80,20,100,5,yes,no,no,0,yes
08/02/19,30.4277,32.27,2.73,2,Cary,B2,B,35.5,86.5,22.2,3233.01,4957.85,no,0,5,80,15,100,80,yes,no,no,0,no
08/02/19,30.4277,32.27,2.73,2,Cary,C1,C,35.5,86.5,22.2,1417.04,466.74,no,0,5,80,15,100,20,yes,no,no,0,no
08/02/19,30.4277,32.27,2.73,2,Cary,C15,C,35.5,86.5,22.2,,,no,0,5,60,35,100,10,yes,no,no,0,no
08/02/19,30.4277,32.27,2.73,2,Cary,C16,C,35.5,86.5,22.2,,,yes,0,5,85,10,100,10,yes,no,no,0,no
08/02/19,30.4277,32.27,2.73,2,Cary,C2,C,35.5,86.5,22.2,3632.49,3890.59,yes,0,5,75,20,100,20,yes,no,no,0,no
08/02/19,30.4277,32.27,2.73,2,Cary,D1,D,35.5,86.5,22.2,1409.98,263.37,no,0,10,60,30,100,40,yes,no,no,0,no
08/02/19,30.4277,32.27,2.73,2,Cary,D15,D,35.5,86.5,22.2,,,yes,0,0,98,2,100,5,no,no,no,2,no
08/02/19,30.4277,32.27,2.73,2,Cary,D16,D,35.5,86.5,22.2,,,no,0,5,55,40,100,10,yes,no,no,0,no
08/02/19,30.4277,32.27,2.73,2,Cary,D2,D,35.5,86.5,22.2,2264.64,1640.11,yes,0,0,95,5,100,20,yes,no,no,0,no
12/16/19,25.4547043,26.59,3.64,3,Cary,A1,A,35.5,79,22.2,,,yes,0,0,100,0,100,5,no,no,no,0,no
12/16/19,25.4547043,26.59,3.64,3,Cary,A15,A,35.5,79,22.2,,,yes,0,2,98,0,100,5,no,no,no,0,yes
12/16/19,25.4547043,26.59,3.64,3,Cary,A16,A,35.5,79,22.2,,,yes,0,0,100,0,100,0,no,No ,no,0,no
12/16/19,25.4547043,26.59,3.64,3,Cary,A2,A,35.5,79,22.2,,,yes,0,0,100,0,100,5,no,no,no,0,no
12/16/19,25.4547043,26.59,3.64,3,Cary,B1,B,35.5,79,22.2,,,yes,0,0,100,0,100,8,no,no,no,0,no
12/16/19,25.4547043,26.59,3.64,3,Cary,B15,B,35.5,79,22.2,,,NA,NA,NA,,NA,NA,NA,NA,NA,NA,NA,NA
12/16/19,25.4547043,26.59,3.64,3,Cary,B16,B,35.5,79,22.2,,,yes,0,0,100,0,100,0,no,no,no,0,no
12/16/19,25.4547043,26.59,3.64,3,Cary,B2,B,35.5,79,22.2,,,yes,0,0,99,1,100,2,no,no,no,0,no
12/16/19,25.4547043,26.59,3.64,3,Cary,C1,C,35.5,79,22.2,,,yes,0,0,95,5,100,10,no,no,no,0,no
12/16/19,25.4547043,26.59,3.64,3,Cary,C15,C,35.5,79,22.2,,,yes,0,0,100,0,100,2,no,no,no,0,no
12/16/19,25.4547043,26.59,3.64,3,Cary,C16,C,35.5,79,22.2,,,yes,0,0,100,0,100,0,no,no,no,0,no
12/16/19,25.4547043,26.59,3.64,3,Cary,C2,C,35.5,79,22.2,,,yes,0,0,100,0,100,0,no,no,no,0,no
12/16/19,25.4547043,26.59,3.64,3,Cary,D1,D,35.5,79,22.2,,,yes,0,0,100,0,100,0,no,no,no,0,no
12/16/19,25.4547043,26.59,3.64,3,Cary,D15,D,35.5,79,22.2,,,yes,0,0,100,0,100,0,no,no,no,0,yes
12/16/19,25.4547043,26.59,3.64,3,Cary,D16,D,35.5,79,22.2,,,yes,0,0,99,1,100,0,no,no,no,0,no
12/16/19,25.4547043,26.59,3.64,3,Cary,D2,D,35.5,79,22.2,,,yes,0,0,95,5,100,0,yes,no,no,2,no
02/05/19,24.7,,3.68,0,Conch,A13,A,36.5,76.5,26.8,,,yes,0,0,100,0,100,0,no,no,no,0,no
02/05/19,24.7,,3.68,0,Conch,A14,A,36.5,76.5,26.8,,,yes,0,0,100,0,100,0,no,no,no,0,no
02/05/19,24.7,,3.68,0,Conch,A3,A,36.5,76.5,26.8,874.83,7.24,yes,0,0,100,0,100,0,no,no,no,0,no
02/05/19,24.7,,3.68,0,Conch,A4,A,36.5,76.5,26.8,721.81,-178.28,yes,0,0,100,0,100,0,no,no,no,0,no
02/05/19,24.7,,3.68,0,Conch,B13,B,36.5,76.5,26.8,,,yes,0,0,100,0,100,0,no,no,no,0,no
02/05/19,24.7,,3.68,0,Conch,B14,B,36.5,76.5,26.8,,,yes,0,0,100,0,100,0,no,no,no,0,no
02/05/19,24.7,,3.68,0,Conch,B3,B,36.5,76.5,26.8,1028.42,225.21,yes,0,0,100,0,100,0,no,no,no,0,no
02/05/19,24.7,,3.68,0,Conch,B4,B,36.5,76.5,26.8,907.84,327.03,yes,0,0,100,0,100,0,no,no,no,0,no
02/05/19,24.7,,3.68,0,Conch,C13,C,36.5,76.5,26.8,,,yes,0,0,100,0,100,0,no,no,no,0,no
02/05/19,24.7,,3.68,0,Conch,C14,C,36.5,76.5,26.8,,,yes,0,0,100,0,100,0,no,no,no,0,no
02/05/19,24.7,,3.68,0,Conch,C3,C,36.5,76.5,26.8,654.24,780.88,yes,0,0,100,0,100,0,no,no,no,0,no
02/05/19,24.7,,3.68,0,Conch,C4,C,36.5,76.5,26.8,322.31,641.33,yes,0,0,100,0,100,0,no,no,no,0,no
02/05/19,24.7,,3.68,0,Conch,D13,D,36.5,76.5,26.8,,,yes,0,0,100,0,100,0,no,no,no,0,no
02/05/19,24.7,,3.68,0,Conch,D14,D,36.5,76.5,26.8,,,yes,0,0,100,0,100,0,no,no,no,0,no
02/05/19,24.7,,3.68,0,Conch,D3,D,36.5,76.5,26.8,959.19,137.32,yes,0,0,100,0,100,0,no,no,no,0,no
02/05/19,24.7,,3.68,0,Conch,D4,D,36.5,76.5,26.8,,,yes,0,0,100,0,100,0,no,no,no,0,no
05/27/19,27.63525538,29.59,3.72,1,Conch,A13,A,36,81,26.8,,,yes,0,0,100,0,100,5,no,no,no,0,no
05/27/19,27.63525538,29.59,3.72,1,Conch,A14,A,36,81,26.8,,,yes,0,0,100,0,100,90,no,no,no,0,no
05/27/19,27.63525538,29.59,3.72,1,Conch,A3,A,36,81,26.8,1848.96,2336.89,yes,0,5,85,10,100,40,yes,no,no,0,no
05/27/19,27.63525538,29.59,3.72,1,Conch,A4,A,36,81,26.8,1947.13,2330.06,yes,0,0,100,0,100,40,no,no,no,0,no
05/27/19,27.63525538,29.59,3.72,1,Conch,B13,B,36,81,26.8,,,yes,0,0,100,0,100,0,no,no,no,0,no
05/27/19,27.63525538,29.59,3.72,1,Conch,B14,B,36,81,26.8,,,yes,0,3,94,3,100,20,yes,no,no,0,no
05/27/19,27.63525538,29.59,3.72,1,Conch,B3,B,36,81,26.8,,,yes,0,0,100,0,100,70,no,no,no,0,no
05/27/19,27.63525538,29.59,3.72,1,Conch,B4,B,36,81,26.8,1860.58,1246.03,yes,0,0,90,10,100,30,yes,no,no,0,no
05/27/19,27.63525538,29.59,3.72,1,Conch,C13,C,36,81,26.8,,,NA,NA,NA,NA,NA,NA,NA,NA,NA,NA,NA,NA
05/27/19,27.63525538,29.59,3.72,1,Conch,C14,C,36,81,26.8,,,no,0,15,80,5,100,0,yes,Yes ,no,0,no
05/27/19,27.63525538,29.59,3.72,1,Conch,C3,C,36,81,26.8,1381.99,-287.54,yes,0,0,100,0,100,50,no,no,no,0,no
05/27/19,27.63525538,29.59,3.72,1,Conch,C4,C,36,81,26.8,1321.39,378.1,no,0,10,80,10,100,15,yes,Yes ,no,0,no
05/27/19,27.63525538,29.59,3.72,1,Conch,D13,D,36,81,26.8,,,yes,0,0,100,0,100,0,no,no,no,0,no
05/27/19,27.63525538,29.59,3.72,1,Conch,D14,D,36,81,26.8,,,yes,0,0,100,0,100,0,no,no,no,0,no
05/27/19,27.63525538,29.59,3.72,1,Conch,D3,D,36,81,26.8,1059.71,-545.7,yes,0,0,100,0,100,0,no,no,no,0,yes
05/27/19,27.63525538,29.59,3.72,1,Conch,D4,D,36,81,26.8,757.45,-309.95,yes,0,0,100,0,100,0,no,no,no,0,no
08/04/19,30.25937,31.25,1.96,2,Conch,A13,A,35.5,87,26.8,,,yes,0,5,95,0,100,0,no,no,no,4,yes
08/04/19,30.25937,31.25,1.96,2,Conch,A14,A,35.5,87,26.8,,,yes,0,5,95,0,100,0,no,no,no,3,yes
08/04/19,30.25937,31.25,1.96,2,Conch,A3,A,35.5,87,26.8,593.03,-308.35,yes,0,1,99,0,100,0,no,no,no,2,no
08/04/19,30.25937,31.25,1.96,2,Conch,A4,A,35.5,87,26.8,884.27,-224.3,yes,0,2,98,0,100,1,no,no,no,0,no
08/04/19,30.25937,31.25,1.96,2,Conch,B13,B,35.5,87,26.8,,,yes,0,0,100,0,100,1,no,no,no,0,no
08/04/19,30.25937,31.25,1.96,2,Conch,B14,B,35.5,87,26.8,,,yes,0,0,100,0,100,0,no,no,no,0,no
08/04/19,30.25937,31.25,1.96,2,Conch,B3,B,35.5,87,26.8,254.45,-1075.08,yes,0,0,100,0,100,1,no,no,no,0,no
08/04/19,30.25937,31.25,1.96,2,Conch,B4,B,35.5,87,26.8,700.71,-170.98,yes,0,0,100,0,100,1,no,no,no,0,no
08/04/19,30.25937,31.25,1.96,2,Conch,C13,C,35.5,87,26.8,,,NA,NA,NA,NA,NA,NA,NA,NA,NA,NA,NA,NA
08/04/19,30.25937,31.25,1.96,2,Conch,C14,C,35.5,87,26.8,,,NA,NA,NA,NA,NA,NA,NA,NA,NA,NA,NA,NA
08/04/19,30.25937,31.25,1.96,2,Conch,C3,C,35.5,87,26.8,383.07,-1142.6,yes,0,10,85,5,100,10,no,no,no,0,no
08/04/19,30.25937,31.25,1.96,2,Conch,C4,C,35.5,87,26.8,931.27,-555.51,yes,0,0,100,0,100,3,no,no,no,0,no
08/04/19,30.25937,31.25,1.96,2,Conch,D13,D,35.5,87,26.8,,,yes,0,0,95,5,100,1,no,no,no,1,no
08/04/19,30.25937,31.25,1.96,2,Conch,D14,D,35.5,87,26.8,,,yes,0,0,95,5,100,1,no,no,no,1,no
08/04/19,30.25937,31.25,1.96,2,Conch,D3,D,35.5,87,26.8,579.48,-742.39,yes,0,0,95,5,100,1,no,no,no,1,yes
08/04/19,30.25937,31.25,1.96,2,Conch,D4,D,35.5,87,26.8,,,yes,0,0,95,5,100,1,no,no,no,0,yes
12/17/19,25.38533602,26.74,4.64,3,Conch,A13,A,35,79,26.8,,,yes,0,0,90,10,100,0,no,no,no,0,no
12/17/19,25.38533602,26.74,4.64,3,Conch,A14,A,35,79,26.8,,,yes,0,0,85,15,100,60,yes,no,no,0,no
12/17/19,25.38533602,26.74,4.64,3,Conch,A3,A,35,79,26.8,915.16,338.55,yes,0,0,98,2,100,10,yes,no,no,0,no
12/17/19,25.38533602,26.74,4.64,3,Conch,A4,A,35,79,26.8,673.11,288.44,yes,0,0,90,10,100,15,yes,no,no,0,no
12/17/19,25.38533602,26.74,4.64,3,Conch,B13,B,35,79,26.8,,,yes,0,5,75,20,100,25,yes,no,no,1,no
12/17/19,25.38533602,26.74,4.64,3,Conch,B14,B,35,79,26.8,,,no,0,0,20,80,100,100,yes,no,no,0,no
12/17/19,25.38533602,26.74,4.64,3,Conch,B3,B,35,79,26.8,942.21,73.14,yes,0,0,85,15,100,15,yes,no,no,0,no
12/17/19,25.38533602,26.74,4.64,3,Conch,B4,B,35,79,26.8,-372.27,-439.47,yes,0,0,95,5,100,20,yes,no,no,0,no
12/17/19,25.38533602,26.74,4.64,3,Conch,C13,C,35,79,26.8,,,NA,NA,NA,NA,NA,NA,NA,NA,NA,NA,NA,NA
12/17/19,25.38533602,26.74,4.64,3,Conch,C14,C,35,79,26.8,,,NA,NA,NA,NA,NA,NA,NA,NA,NA,NA,NA,NA
12/17/19,25.38533602,26.74,4.64,3,Conch,C3,C,35,79,26.8,2309.06,-38.76,no,0,30,45,25,100,90,yes,no,no,0,no
12/17/19,25.38533602,26.74,4.64,3,Conch,C4,C,35,79,26.8,2014.5,-442.16,yes,0,5,85,10,100,10,no,no,no,0,no
12/17/19,25.38533602,26.74,4.64,3,Conch,D13,D,35,79,26.8,,,yes,0,0,99,1,100,20,yes,no,no,0,no
12/17/19,25.38533602,26.74,4.64,3,Conch,D14,D,35,79,26.8,,,yes,0,0,90,10,100,40,yes,no,no,0,no
12/17/19,25.38533602,26.74,4.64,3,Conch,D3,D,35,79,26.8,475.7,-208.04,yes,0,3,87,10,100,40,yes,no,no,0,no
12/17/19,25.38533602,26.74,4.64,3,Conch,D4,D,35,79,26.8,,,yes,0,1,94,5,100,15,yes,no,no,0,yes
05/30/21,25.81329167,,,4,Conch,A13,A,31,82.4,26.8,,,NA,NA,NA,0,NA,NA,NA,NA,NA,NA,NA,NA
05/30/21,25.81329167,,,4,Conch,A14,A,31,82.4,26.8,,,NA,NA,NA,0,NA,NA,NA,NA,NA,NA,NA,NA
05/30/21,25.81329167,,,4,Conch,A3,A,31,82.4,26.8,,,NA,NA,NA,0,NA,NA,NA,NA,NA,NA,NA,NA
05/30/21,25.81329167,,,4,Conch,A4,A,31,82.4,26.8,,,no,100,100,0,0,100,0,no,no,no,0,no
05/30/21,25.81329167,,,4,Conch,B13,B,31,82.4,26.8,,,yes,0,0,100,0,100,1,no,no,no,0,no
05/30/21,25.81329167,,,4,Conch,B14,B,31,82.4,26.8,,,NA,NA,NA,0,NA,NA,NA,NA,NA,NA,NA,NA
05/30/21,25.81329167,,,4,Conch,B3,B,31,82.4,26.8,1302.45,343.17,no,100,100,0,0,100,0,no,no,no,0,no
05/30/21,25.81329167,,,4,Conch,B4,B,31,82.4,26.8,,,NA,NA,NA,0,NA,NA,NA,NA,NA,NA,NA,NA
05/30/21,25.81329167,,,4,Conch,C13,C,31,82.4,26.8,,,NA,NA,NA,0,NA,NA,NA,NA,NA,NA,NA,NA
05/30/21,25.81329167,,,4,Conch,C14,C,31,82.4,26.8,,,NA,NA,NA,0,NA,NA,NA,NA,NA,NA,NA,NA
05/30/21,25.81329167,,,4,Conch,C3,C,31,82.4,26.8,,,no,100,100,0,0,100,0,no,no,no,0,no
05/30/21,25.81329167,,,4,Conch,C4,C,31,82.4,26.8,,,no,100,100,0,0,100,0,no,no,no,0,no
05/30/21,25.81329167,,,4,Conch,D13,D,31,82.4,26.8,,,no,100,100,0,0,100,0,no,no,no,0,no
05/30/21,25.81329167,,,4,Conch,D14,D,31,82.4,26.8,,,no,100,100,0,0,100,0,no,no,no,0,no
05/30/21,25.81329167,,,4,Conch,D3,D,31,82.4,26.8,,,no,100,100,0,0,100,0,no,no,no,0,no
05/30/21,25.81329167,,,4,Conch,D4,D,31,82.4,26.8,,,NA,NA,NA,0,NA,NA,NA,NA,NA,NA,NA,NA
02/05/19,24.7,,3.68,0,Looe,A10,A,36.5,76.5,26,,,yes,0,0,100,0,100,0,no,no,no,0,no
02/05/19,24.7,,3.68,0,Looe,A7,A,36.5,76.5,26,879.3,-212.15,yes,0,0,100,0,100,0,no,no,no,0,no
02/05/19,24.7,,3.68,0,Looe,A8,A,36.5,76.5,26,1058.12,-239.71,yes,0,0,100,0,100,0,no,no,no,0,no
02/05/19,24.7,,3.68,0,Looe,A9,A,36.5,76.5,26,,,yes,0,0,100,0,100,0,no,no,no,0,no
02/05/19,24.7,,3.68,0,Looe,B10,B,36.5,76.5,26,,,yes,0,0,100,0,100,0,no,no,no,0,no
02/05/19,24.7,,3.68,0,Looe,B7,B,36.5,76.5,26,1131.5,136.4,yes,0,0,100,0,100,0,no,no,no,0,no
02/05/19,24.7,,3.68,0,Looe,B8,B,36.5,76.5,26,680.68,-20.26,yes,0,0,100,0,100,0,no,no,no,0,no
02/05/19,24.7,,3.68,0,Looe,B9,B,36.5,76.5,26,,,yes,0,0,100,0,100,0,no,no,no,0,no
02/05/19,24.7,,3.68,0,Looe,C10,C,36.5,76.5,26,,,yes,0,0,100,0,100,0,no,no,no,0,no
02/05/19,24.7,,3.68,0,Looe,C7,C,36.5,76.5,26,760.86,66.96,yes,0,0,100,0,100,0,no,no,no,0,no
02/05/19,24.7,,3.68,0,Looe,C8,C,36.5,76.5,26,635.93,70.51,yes,0,0,100,0,100,0,no,no,no,0,no
02/05/19,24.7,,3.68,0,Looe,C9,C,36.5,76.5,26,,,yes,0,0,100,0,100,0,no,no,no,0,no
02/05/19,24.7,,3.68,0,Looe,D10,D,36.5,76.5,26,,,yes,0,0,100,0,100,0,no,no,no,0,no
02/05/19,24.7,,3.68,0,Looe,D7,D,36.5,76.5,26,983.26,72.54,yes,0,0,100,0,100,0,no,no,no,0,no
02/05/19,24.7,,3.68,0,Looe,D8,D,36.5,76.5,26,1168.21,42.8,yes,0,0,100,0,100,0,no,no,no,0,no
02/05/19,24.7,,3.68,0,Looe,D9,D,36.5,76.5,26,,,yes,0,0,100,0,100,0,no,no,no,0,no
05/28/19,28.29317204,29.99,3.4,1,Looe,A10,A,36.5,83,26,,,no,1,10,30,60,100,95,yes,no,no,0,yes
05/28/19,28.29317204,29.99,3.4,1,Looe,A7,A,36.5,83,26,,,no,0,0,10,90,100,0,yes,no,no,0,no
05/28/19,28.29317204,29.99,3.4,1,Looe,A8,A,36.5,83,26,,,yes,0,0,100,0,100,5,no,no,no,0,no
05/28/19,28.29317204,29.99,3.4,1,Looe,A9,A,36.5,83,26,,,no,0,2,8,90,100,100,no,no,no,0,no
05/28/19,28.29317204,29.99,3.4,1,Looe,B10,B,36.5,83,26,,,no,0,5,40,55,100,80,yes,no,no,0,no
05/28/19,28.29317204,29.99,3.4,1,Looe,B7,B,36.5,83,26,,,yes,0,2,98,0,100,10,no,no,no,0,no
05/28/19,28.29317204,29.99,3.4,1,Looe,B8,B,36.5,83,26,,,yes,0,0,100,0,100,0,no,no,no,0,no
05/28/19,28.29317204,29.99,3.4,1,Looe,B9,B,36.5,83,26,,,yes,0,0,100,0,100,0,no,no,no,0,no
05/28/19,28.29317204,29.99,3.4,1,Looe,C10,C,36.5,83,26,,,yes,0,0,100,0,100,0,no,no,no,0,no
05/28/19,28.29317204,29.99,3.4,1,Looe,C7,C,36.5,83,26,,,yes,0,0,100,0,100,0,no,no,no,0,no
05/28/19,28.29317204,29.99,3.4,1,Looe,C8,C,36.5,83,26,,,yes,0,0,100,0,100,0,no,no,no,0,no
05/28/19,28.29317204,29.99,3.4,1,Looe,C9,C,36.5,83,26,,,yes,0,0,100,0,100,0,no,no,no,0,no
05/28/19,28.29317204,29.99,3.4,1,Looe,D10,D,36.5,83,26,,,yes,0,2,95,3,100,0,yes,no,no,0,no
05/28/19,28.29317204,29.99,3.4,1,Looe,D7,D,36.5,83,26,,,yes,0,0,100,0,100,0,yes,no,no,0,no
05/28/19,28.29317204,29.99,3.4,1,Looe,D8,D,36.5,83,26,,,yes,0,0,100,0,100,0,no,no,no,0,no
05/28/19,28.29317204,29.99,3.4,1,Looe,D9,D,36.5,83,26,,,yes,0,1,98,1,100,0,yes,no,no,0,no
08/05/19,30.44647,31.48,1.92,2,Looe,A10,A,35.5,87,26,420,-669.98,yes,0,1,59,40,100,80,yes,no,no,0,yes
08/05/19,30.44647,31.48,1.92,2,Looe,A7,A,35.5,87,26,,,yes,0,0,90,10,100,60,no,no,no,0,no
08/05/19,30.44647,31.48,1.92,2,Looe,A8,A,35.5,87,26,,,yes,0,0,99,1,100,0,no,no,no,0,no
08/05/19,30.44647,31.48,1.92,2,Looe,A9,A,35.5,87,26,618.17,-907.14,no,0,20,0,80,100,100,yes,no,no,0,no
08/05/19,30.44647,31.48,1.92,2,Looe,B10,B,35.5,87,26,740.05,-9.46,no,0,10,20,70,100,100,yes,no,no,0,yes
08/05/19,30.44647,31.48,1.92,2,Looe,B7,B,35.5,87,26,,,yes,0,0,98,2,100,30,no,no,no,0,no
08/05/19,30.44647,31.48,1.92,2,Looe,B8,B,35.5,87,26,,,yes,0,0,100,0,100,10,no,no,no,0,yes
08/05/19,30.44647,31.48,1.92,2,Looe,B9,B,35.5,87,26,368.46,-394.91,yes,0,2,98,0,100,10,no,no,no,0,no
08/05/19,30.44647,31.48,1.92,2,Looe,C10,C,35.5,87,26,434.73,-233,yes,0,2,93,5,100,10,no,no,no,0,no
08/05/19,30.44647,31.48,1.92,2,Looe,C7,C,35.5,87,26,,,yes,0,2,88,10,100,5,yes,no,no,0,no
08/05/19,30.44647,31.48,1.92,2,Looe,C8,C,35.5,87,26,,,yes,0,10,80,10,100,10,yes,no,no,0,no
08/05/19,30.44647,31.48,1.92,2,Looe,C9,C,35.5,87,26,195.43,-185.72,yes,0,1,96,3,100,10,no,no,no,0,no
08/05/19,30.44647,31.48,1.92,2,Looe,D10,D,35.5,87,26,948.08,713.24,yes,0,5,85,10,100,30,yes,no,no,0,no
08/05/19,30.44647,31.48,1.92,2,Looe,D7,D,35.5,87,26,,,no,0,15,30,55,100,50,yes,no,no,0,no
08/05/19,30.44647,31.48,1.92,2,Looe,D8,D,35.5,87,26,,,no,0,5,55,40,100,100,yes,no,no,0,no
08/05/19,30.44647,31.48,1.92,2,Looe,D9,D,35.5,87,26,736.49,-133.06,no,0,5,25,70,100,60,yes,no,no,0,no
12/14/19,25.45063172,26.89,3.86,3,Looe,A10,A,35,79,26,801.99,-312.08,yes,0,0,98,2,100,20,no,no,no,0,yes
12/14/19,25.45063172,26.89,3.86,3,Looe,A7,A,35,79,26,,,yes,0,1,96,3,100,2,no,no,no,0,no
12/14/19,25.45063172,26.89,3.86,3,Looe,A8,A,35,79,26,,,yes,0,0,100,0,100,0,no,no,no,0,no
12/14/19,25.45063172,26.89,3.86,3,Looe,A9,A,35,79,26,843.18,-330.26,yes,0,0,98,2,100,2,no,no,no,0,no
12/14/19,25.45063172,26.89,3.86,3,Looe,B10,B,35,79,26,601.49,47.67,no,0,0,80,20,100,90,yes,no,no,0,no
12/14/19,25.45063172,26.89,3.86,3,Looe,B7,B,35,79,26,,,yes,0,0,90,10,100,2,no,no,no,0,no
12/14/19,25.45063172,26.89,3.86,3,Looe,B8,B,35,79,26,,,yes,0,0,100,0,100,0,noo,no,no,0,yes
12/14/19,25.45063172,26.89,3.86,3,Looe,B9,B,35,79,26,721.69,20.74,yes,0,0,98,2,100,15,yes,no,no,0,no
12/14/19,25.45063172,26.89,3.86,3,Looe,C10,C,35,79,26,860.72,56.17,yes,0,0,90,10,100,2,no,no,no,0,no
12/14/19,25.45063172,26.89,3.86,3,Looe,C7,C,35,79,26,,,yes,0,0,95,5,100,50,yes,no,no,0,no
12/14/19,25.45063172,26.89,3.86,3,Looe,C8,C,35,79,26,,,yes,0,0,99,1,100,10,no,no,no,0,no
12/14/19,25.45063172,26.89,3.86,3,Looe,C9,C,35,79,26,1277.79,375.27,yes,0,0,98,2,100,3,no,no,no,0,no
12/14/19,25.45063172,26.89,3.86,3,Looe,D10,D,35,79,26,1543.31,187.85,yes,0,3,87,10,100,20,yes,no,no,0,no
12/14/19,25.45063172,26.89,3.86,3,Looe,D7,D,35,79,26,,,NA,NA,NA,NA,NA,NA,NA,NA,NA,NA,NA,NA
12/14/19,25.45063172,26.89,3.86,3,Looe,D8,D,35,79,26,,,NA,NA,NA,NA,NA,NA,NA,NA,NA,NA,NA,NA
12/14/19,25.45063172,26.89,3.86,3,Looe,D9,D,35,79,26,1229.93,897.57,yes,0,0,95,5,100,40,yes,no,no,0,no
06/03/21,27.41529221,,,4,Looe,A10,A,34.5,83.5,26,,,NA,NA,NA,NA,NA,NA,NA,NA,NA,NA,NA,NA
06/03/21,27.41529221,,,4,Looe,A7,A,34.5,83.5,26,,,yes,0,0,100,0,100,0,yes,no,no,0,no
06/03/21,27.41529221,,,4,Looe,A8,A,34.5,83.5,26,,,yes,0,0,100,0,100,50,no,no,no,0,no
06/03/21,27.41529221,,,4,Looe,A9,A,34.5,83.5,26,,,yes,10,10,90,0,100,0,no,no,no,0,yes
06/03/21,27.41529221,,,4,Looe,B10,B,34.5,83.5,26,,,yes,0,0,100,0,100,0,no,no,no,0,yes
06/03/21,27.41529221,,,4,Looe,B7,B,34.5,83.5,26,,,yes,0,0,98,2,100,2,no,no,no,0,yes
06/03/21,27.41529221,,,4,Looe,B8,B,34.5,83.5,26,,,yes,0,1,99,0,100,0,no,no,no,0,yes
06/03/21,27.41529221,,,4,Looe,B9,B,34.5,83.5,26,,,yes,0,1,99,0,100,2,no,no,no,0,no
06/03/21,27.41529221,,,4,Looe,C10,C,34.5,83.5,26,,,yes,0,0,100,0,100,1,no,no,no,0,no
06/03/21,27.41529221,,,4,Looe,C7,C,34.5,83.5,26,,,yes,40,40,60,0,100,5,yes,no,no,0,no
06/03/21,27.41529221,,,4,Looe,C8,C,34.5,83.5,26,,,NA,NA,NA,NA,NA,NA,NA,NA,NA,NA,NA,NA
06/03/21,27.41529221,,,4,Looe,C9,C,34.5,83.5,26,,,NA,NA,NA,NA,NA,NA,NA,NA,NA,NA,NA,NA
06/03/21,27.41529221,,,4,Looe,D10,D,34.5,83.5,26,,,yes,25,25,75,0,100,2,no,no,no,0,no
06/03/21,27.41529221,,,4,Looe,D7,D,34.5,83.5,26,,,NA,NA,NA,NA,NA,NA,NA,NA,NA,NA,NA,NA
06/03/21,27.41529221,,,4,Looe,D8,D,34.5,83.5,26,,,NA,NA,NA,NA,NA,NA,NA,NA,NA,NA,NA,NA
06/03/21,27.41529221,,,4,Looe,D9,D,34.5,83.5,26,,,yes,0,0,100,0,100,5,yes,no,no,1,yes
02/05/19,24.7,,3.68,0,Tennessee,A11,A,36.5,76.5,24.3,,,yes,0,0,100,0,100,0,no,no,no,0,no
02/05/19,24.7,,3.68,0,Tennessee,A12,A,36.5,76.5,24.3,,,yes,0,0,100,0,100,0,no,no,no,0,no
02/05/19,24.7,,3.68,0,Tennessee,A5,A,36.5,76.5,24.3,965.99,-189.38,yes,0,0,100,0,100,0,no,no,no,0,no
02/05/19,24.7,,3.68,0,Tennessee,A6,A,36.5,76.5,24.3,791.92,-130.59,yes,0,0,100,0,100,0,no,no,no,0,no
02/05/19,24.7,,3.68,0,Tennessee,B11,B,36.5,76.5,24.3,,,yes,0,0,100,0,100,0,no,no,no,0,no
02/05/19,24.7,,3.68,0,Tennessee,B12,B,36.5,76.5,24.3,,,yes,0,0,100,0,100,0,no,no,no,0,no
02/05/19,24.7,,3.68,0,Tennessee,B5,B,36.5,76.5,24.3,520.38,651.12,yes,0,0,100,0,100,0,no,no,no,0,no
02/05/19,24.7,,3.68,0,Tennessee,B6,B,36.5,76.5,24.3,843.16,-102.02,yes,0,0,100,0,100,0,no,no,no,0,no
02/05/19,24.7,,3.68,0,Tennessee,C11,C,36.5,76.5,24.3,,,yes,0,0,100,0,100,0,no,no,no,0,no
02/05/19,24.7,,3.68,0,Tennessee,C12,C,36.5,76.5,24.3,,,yes,0,0,100,0,100,0,no,no,no,0,no
02/05/19,24.7,,3.68,0,Tennessee,C5,C,36.5,76.5,24.3,823.84,55.19,yes,0,0,100,0,100,0,no,no,no,0,no
02/05/19,24.7,,3.68,0,Tennessee,C6,C,36.5,76.5,24.3,739.06,85.09,yes,0,0,100,0,100,0,no,no,no,0,no
02/05/19,24.7,,3.68,0,Tennessee,D11,D,36.5,76.5,24.3,,,yes,0,0,100,0,100,0,no,no,no,0,no
02/05/19,24.7,,3.68,0,Tennessee,D12,D,36.5,76.5,24.3,,,yes,0,0,100,0,100,0,no,no,no,0,no
02/05/19,24.7,,3.68,0,Tennessee,D5,D,36.5,76.5,24.3,1680.63,274.03,yes,0,0,100,0,100,0,no,no,no,0,no
02/05/19,24.7,,3.68,0,Tennessee,D6,D,36.5,76.5,24.3,1197.39,30.63,yes,0,0,100,0,100,0,no,no,no,0,no
05/27/19,27.72560484,29.59,3.66,1,Tennessee,A11,A,35.5,81,24.3,1096.93,-502.98,no,0,50,20,30,100,0,yes,Yes ,no,0,no
05/27/19,27.72560484,29.59,3.66,1,Tennessee,A12,A,35.5,81,24.3,,,no,0,20,30,50,100,0,yes,Yes ,no,0,no
05/27/19,27.72560484,29.59,3.66,1,Tennessee,A5,A,35.5,81,24.3,,,yes,0,0,100,0,100,5,no,no,no,0,yes
05/27/19,27.72560484,29.59,3.66,1,Tennessee,A6,A,35.5,81,24.3,,,yes,0,0,100,0,100,0,no,no,no,0,no
05/27/19,27.72560484,29.59,3.66,1,Tennessee,B11,B,35.5,81,24.3,,,no,100,100,0,NA,NA,NA,NA,NA,NA,NA,NA
05/27/19,27.72560484,29.59,3.66,1,Tennessee,B12,B,35.5,81,24.3,966.32,-499.3,yes,0,0,98,2,100,70,yes,no,no,0,no
05/27/19,27.72560484,29.59,3.66,1,Tennessee,B5,B,35.5,81,24.3,,,no,0,0,90,10,100,95,yes,no,no,0,no
05/27/19,27.72560484,29.59,3.66,1,Tennessee,B6,B,35.5,81,24.3,,,no,0,10,80,10,100,100,yes,no,no,0,no
05/27/19,27.72560484,29.59,3.66,1,Tennessee,C11,C,35.5,81,24.3,627.05,-208.29,yes,0,0,98,2,100,20,no,no,no,0,no
05/27/19,27.72560484,29.59,3.66,1,Tennessee,C12,C,35.5,81,24.3,956.98,-76.47,yes,0,0,95,5,100,20,no,no,no,0,no
05/27/19,27.72560484,29.59,3.66,1,Tennessee,C5,C,35.5,81,24.3,,,yes,0,0,99,1,100,5,no,no,no,0,no
05/27/19,27.72560484,29.59,3.66,1,Tennessee,C6,C,35.5,81,24.3,,,no,15,30,60,10,100,70,yes,no,no,0,no
05/27/19,27.72560484,29.59,3.66,1,Tennessee,D11,D,35.5,81,24.3,545.49,-377.76,yes,0,0,100,0,100,0,no,no,no,0,no
05/27/19,27.72560484,29.59,3.66,1,Tennessee,D12,D,35.5,81,24.3,,,no,100,100,0,NA,100,NA,NA,NA,NA,NA,NA
05/27/19,27.72560484,29.59,3.66,1,Tennessee,D5,D,35.5,81,24.3,1026.04,-359.66,yes,0,0,98,2,100,0,no,no,no,0,no
05/27/19,27.72560484,29.59,3.66,1,Tennessee,D6,D,35.5,81,24.3,,,yes,0,0,98,2,100,50,yes,no,no,0,yes
08/03/19,30.42294,31.56,2.7,2,Tennessee,A11,A,35.5,87,24.3,,,no,70,85,15,0,100,50,yes,no,no,0,no
08/03/19,30.42294,31.56,2.7,2,Tennessee,A12,A,35.5,87,24.3,,,no,60,60,10,30,100,30,yes,no,no,0,no
08/03/19,30.42294,31.56,2.7,2,Tennessee,A5,A,35.5,87,24.3,,,yes,2,0,95,5,100,60,yes,no,no,0,no
08/03/19,30.42294,31.56,2.7,2,Tennessee,A6,A,35.5,87,24.3,,,yes,0,5,85,10,100,40,yes,no,no,0,no
08/03/19,30.42294,31.56,2.7,2,Tennessee,B11,B,35.5,87,24.3,,,no,100,100,0,NA,NA,NA,NA,NA,NA,NA,NA
08/03/19,30.42294,31.56,2.7,2,Tennessee,B12,B,35.5,87,24.3,339.2,-258.64,no,0,5,85,10,100,80,yes,no,no,0,no
08/03/19,30.42294,31.56,2.7,2,Tennessee,B5,B,35.5,87,24.3,760.62,-523.77,no,25,20,80,0,100,80,yes,no,no,0,no
08/03/19,30.42294,31.56,2.7,2,Tennessee,B6,B,35.5,87,24.3,,,NA,NA,NA,NA,NA,NA,NA,NA,NA,NA,NA,NA
08/03/19,30.42294,31.56,2.7,2,Tennessee,C11,C,35.5,87,24.3,619.81,-275.03,yes,0,2,88,10,100,10,no,no,no,0,no
08/03/19,30.42294,31.56,2.7,2,Tennessee,C12,C,35.5,87,24.3,116.18,-581.87,yes,0,10,90,0,100,20,yes,no,no,0,no
08/03/19,30.42294,31.56,2.7,2,Tennessee,C5,C,35.5,87,24.3,,,yes,0,1,89,10,100,20,no,no,no,0,no
08/03/19,30.42294,31.56,2.7,2,Tennessee,C6,C,35.5,87,24.3,,,no,20,30,40,30,100,90,yes,no,no,0,no
08/03/19,30.42294,31.56,2.7,2,Tennessee,D11,D,35.5,87,24.3,266.46,-317.34,yes,5,10,80,10,100,5,no,no,no,0,no
08/03/19,30.42294,31.56,2.7,2,Tennessee,D12,D,35.5,87,24.3,,,no,100,100,NA,NA,NA,NA,NA,NA,NA,NA,NA
08/03/19,30.42294,31.56,2.7,2,Tennessee,D5,D,35.5,87,24.3,,,no,30,30,20,50,100,60,yes,no,no,0,no
08/03/19,30.42294,31.56,2.7,2,Tennessee,D6,D,35.5,87,24.3,,,no,100,100,NA,NA,NA,NA,NA,NA,NA,NA,NA
